filename,guid,title
Test_oh08am.mp4,0366523b-427c-4f84-b908-3387dc08974f,Test_oh08am
7_jpicnc.mp4,55007d68-77b9-4532-97ae-fabf8eeeee5f,7_jpicnc
8_eg3gps.mp4,98cb2b96-23d3-469c-8eb1-dfe24eb6ba13,8_eg3gps
3_pwkyji.mp4,8e0f970f-cb5d-4744-8663-455f824cf9eb,3_pwkyji
5_rrdttw.mp4,4cdf4459-eadf-4888-bfc4-c7d8265f364e,5_rrdttw
6_mc7xue.mp4,cecba5d2-e80d-49a1-af64-7368ee9a7d40,6_mc7xue
2_ofieiu.mp4,aaaad5a7-459f-4123-a543-4c8c122ec616,2_ofieiu
19_znhiyb.mp4,47b9c008-3c8a-48e7-88e1-a852340e8b10,19_znhiyb
16_ohcl1b.mp4,3a773f31-a4fd-4a03-9d3f-a3d5322eeb82,16_ohcl1b
14_lph1c8.mp4,0c56c399-3878-43da-9a71-64a406215ee4,14_lph1c8
11_mxznsj.mp4,1d2b441e-9d45-4453-b934-24b3483c64a2,11_mxznsj
12_zf6ihe.mp4,a270eeb2-1f2c-4967-bc97-fa7686131d90,12_zf6ihe
17_aoumzl.mp4,691c203a-24b1-4bbe-9743-76e8c5d2b934,17_aoumzl
10_iwrmro.mp4,8b0540ab-755f-4361-a790-4d65613a7f27,10_iwrmro
9_fhfxw8.mp4,5d73088f-782b-4b36-b078-f7bec1722f9d,9_fhfxw8
13_v7k9yo.mp4,4cfe2c71-a667-4369-9446-6795518cd39c,13_v7k9yo
track_lscvkf.mp4,0ba899cd-12d5-42f3-92cb-9a57df341a2e,track_lscvkf
share_qkgfln.mp4,6a7ee2ad-275c-49fc-9946-84daac034d71,share_qkgfln
community_vclcws.mp4,e7f36830-0cf8-4b11-97c1-7d12ed8f6dfa,community_vclcws
realtime-data_lxx93f.mp4,75871ca2-83b9-4e34-aaa9-d6dceef82813,realtime-data_lxx93f
FlowfiPersonalizeRisk_lcbd0w.mp4,60f6218f-eaf4-428e-8ea9-1bc69180abb4,FlowfiPersonalizeRisk_lcbd0w
AIOptimizedFlowfi_v3m7ee.mp4,b92c5413-180f-475e-8803-5d922c80b0d4,AIOptimizedFlowfi_v3m7ee
Flowfi_1_sfj20o.mp4,ab12d869-954f-45c8-98fb-1b3e0fdfcc7c,Flowfi_1_sfj20o
FlowfiOnboarding_rzgsgl.mp4,83fcc1e6-d40e-4df7-b005-6a086721da66,FlowfiOnboarding_rzgsgl
uberfinal_qmqq7l.mp4,60132488-603f-4758-88b7-460309394703,uberfinal_qmqq7l
vid_d8zz1c.mp4,138eee87-27a3-4165-8ed2-ed19b3d78976,vid_d8zz1c
slow-final_eblntl.mp4,9f8fea3d-0684-462b-b231-c46069ea086b,slow-final_eblntl
insights_oyq156.mp4,4406c84a-fe7d-482c-a918-6b4c10d033b6,insights_oyq156
moodboard_u5ts0q.mp4,2f934cbe-1232-4d5f-b9b2-d81ba175aba9,moodboard_u5ts0q
post_vhzfwl.mp4,6b27e946-2f29-48b4-8ae1-78fbcc6b11ab,post_vhzfwl
style-tags_shj4sm.mp4,a7af3da1-e98b-4da1-876e-b2d7ea637160,style-tags_shj4sm
hero_ht0jkz.mp4,c4902c1d-646f-4c22-84e2-36f6aa7e33a6,hero_ht0jkz
flowfi_xv31eg.mp4,2754efec-41a2-49cc-90a6-0ea47cc9ddba,flowfi_xv31eg
hands_nnhfnf.mp4,931a1bd5-88f0-4a37-af0c-0e63612c3502,hands_nnhfnf
project-4_wmxpf4.mp4,09e21b0b-1314-40e7-beeb-6d5f8c2d1800,project-4_wmxpf4
gravity_kruj0k.mp4,35a43a2f-f27e-408b-a277-7efc40c8ce8f,gravity_kruj0k
inspo_xyejpx.mp4,57e822d5-3551-4536-8e39-3ed023851107,inspo_xyejpx
lume-card_sftzqm.mp4,f3f6ffcb-c182-442a-b761-9f939637d9ff,lume-card_sftzqm
hero_ty418e.mp4,f7507723-abb1-4b53-8576-5225e7751c61,hero_ty418e
1_vty7jm.mp4,07c41375-1a9f-43a5-8391-eb8b2d73b0d9,1_vty7jm
comp-1_sotpdc.mp4,a2f582af-90e6-42a5-9568-a8f192f91430,comp-1_sotpdc
1_bb3qni.mp4,3f0794ab-0282-4812-9b14-71cd6bb45e6e,1_bb3qni
connect_2_pgqu3m.mp4,79323913-a5c8-482b-bc9c-5c06af7571aa,connect_2_pgqu3m
